{
    "Random Forest": {
        "cv_accuracy": 0.9543554381846636,
        "cv_std": 0.02691902567005757,
        "best_cv_score": 0.9543554381846636
    },
    "Decision Tree": {
        "cv_accuracy": 0.9174594092331768,
        "cv_std": 0.034377287993892475,
        "best_cv_score": 0.9174594092331768
    },
    "XGBoost": {
        "cv_accuracy": 0.9681108176838811,
        "cv_std": 0.019577193168266647,
        "best_cv_score": 0.9681108176838811
    },
    "Gradient Boosting": {
        "cv_accuracy": 0.9740527190923316,
        "cv_std": 0.01894446907647142,
        "best_cv_score": 0.9740527190923316
    },
    "CatBoost": {
        "cv_accuracy": 0.9753056533646323,
        "cv_std": 0.022948170801761373,
        "best_cv_score": 0.9753056533646323
    }
}